Workbook
Name SegmentaciónDeDatos_CAT.: #REF!
Name SegmentaciónDeDatos_CAT.1: #REF!
Name SegmentaciónDeDatos_CAT.2: #REF!
Name SegmentaciónDeDatos_COMP.: #REF!
Name SegmentaciónDeDatos_COMP.1: #REF!
Name SegmentaciónDeDatos_COMP.2: #REF!
Name SegmentaciónDeDatos_COMP.3: #REF!
Name SegmentaciónDeDatos_FECHA_ENTRADA: #REF!
Name SegmentaciónDeDatos_FECHA_ENTRADA1: #REF!
Name SegmentaciónDeDatos_FECHA_ENTRADA2: #REF!
Name SegmentaciónDeDatos_FECHA_SALIDA: #REF!
Name SegmentaciónDeDatos_FECHA_SALIDA1: #REF!
Name SegmentaciónDeDatos_FECHA_SALIDA2: #REF!
Name SegmentaciónDeDatos_UBIC.: #REF!
Name SegmentaciónDeDatos_UBIC.1: #REF!
Name SegmentaciónDeDatos_UBIC.2: #REF!

Sheet CONCENTRADO
A1: Columna 1 | B1: Columna 2 | C1: Columna 3 | D1: Columna 4 | E1: Columna 5 | F1: Columna 6 | G1: Columna 7
A2: CÓDIGO | B2: COMP. | C2: CAT. | D2: FAM. | E2: CONS. | F2: DESCRIPCIÓN | G2: UM
A3: =CONCATENATE(CONCENTRADO!$B3,CONCENTRADO!$C3,CONCENTRADO!$D3,CONCENTRADO!$E3) -> GCN0070001 | B3: G | C3: CN | D3: 007 | E3: 0001 | F3: Rodamiento Taza H-913810 Timken | G3: Pz
A4: =CONCATENATE(CONCENTRADO!$B4,CONCENTRADO!$C4,CONCENTRADO!$D4,CONCENTRADO!$E4) -> GCN0070002 | B4: G | C4: CN | D4: 007 | E4: 0002 | F4: Rodamiento 6304-Zzc3E | G4: Pz
A5: =CONCATENATE(CONCENTRADO!$B5,CONCENTRADO!$C5,CONCENTRADO!$D5,CONCENTRADO!$E5) -> GCN0070003 | B5: G | C5: CN | D5: 007 | E5: 0003 | F5: Taza 493 Mca Timken | G5: Pz
A6: =CONCATENATE(CONCENTRADO!$B6,CONCENTRADO!$C6,CONCENTRADO!$D6,CONCENTRADO!$E6) -> GCN0070004 | B6: G | C6: CN | D6: 007 | E6: 0004 | F6: Reten Hidraulico / Neumatico Skf #504272 | G6: Pz
A7: =CONCATENATE(CONCENTRADO!$B7,CONCENTRADO!$C7,CONCENTRADO!$D7,CONCENTRADO!$E7) -> GCN0070005 | B7: G | C7: CN | D7: 007 | E7: 0005 | F7: Rodamiento 6204-2Rsh/C3 Skf | G7: Pz
A8: =CONCATENATE(CONCENTRADO!$B8,CONCENTRADO!$C8,CONCENTRADO!$D8,CONCENTRADO!$E8) -> GCN0070006 | B8: G | C8: CN | D8: 007 | E8: 0006 | F8: Reten Metalico 1.3975X1.8755X.2875 | G8: Pz
A9: =CONCATENATE(CONCENTRADO!$B9,CONCENTRADO!$C9,CONCENTRADO!$D9,CONCENTRADO!$E9) -> GCN0070007 | B9: G | C9: CN | D9: 007 | E9: 0007 | F9: Reten 17211 Ptc Dichtomatik | G9: Pz
A10: =CONCATENATE(CONCENTRADO!$B10,CONCENTRADO!$C10,CONCENTRADO!$D10,CONCENTRADO!$E10) -> GCN0070008 | B10: G | C10: CN | D10: 007 | E10: 0008 | F10: 3.935X4.625X.365 Reten Metalico Nitrilo | G10: Pz
A11: =CONCATENATE(CONCENTRADO!$B11,CONCENTRADO!$C11,CONCENTRADO!$D11,CONCENTRADO!$E11) -> GCN0070009 | B11: G | C11: CN | D11: 007 | E11: 0009 | F11: Balero Axial De Bolas 7304-B- Xl-Tvp- Fag | G11: Pz
A12: =CONCATENATE(CONCENTRADO!$B12,CONCENTRADO!$C12,CONCENTRADO!$D12,CONCENTRADO!$E12) -> GCN0070010 | B12: G | C12: CN | D12: 007 | E12: 0010 | F12: Sello 9850 Skf | G12: Pz
A13: =CONCATENATE(CONCENTRADO!$B13,CONCENTRADO!$C13,CONCENTRADO!$D13,CONCENTRADO!$E13) -> GCN0070011 | B13: G | C13: CN | D13: 007 | E13: 0011 | F13: Rodamiento Cono H-913840 Timken | G13: Pz
A14: =CONCATENATE(CONCENTRADO!$B14,CONCENTRADO!$C14,CONCENTRADO!$D14,CONCENTRADO!$E14) -> GCN0070012 | B14: G | C14: CN | D14: 007 | E14: 0012 | F14: Rodamiento N311-E-M1 Fag | G14: Pz
... A145: =CONCATENATE(CONCENTRADO!$B145,CONCENTRADO!$C145,CONCENTRADO!$D145,CONCENTRADO!$E145) -> GHR0190001 | B145: G | C145: HR | D145: 019 | E145: 0001 | F145: Arresto Flama Para Regulador Mca Victor Mpdelo Fbr-1 | G145: Pz
A146: =CONCATENATE(CONCENTRADO!$B1877,CONCENTRADO!$C1877,CONCENTRADO!$D1877,CONCENTRADO!$E1877) -> GHR0170027 | B146: G | C146: HR | D146: 008 | E146: 0001 | F146: Ptr Acero a36 Cal 14 De 1 1/2"x1 1/2"x6,00Mts | G146: Pz
A147: =CONCATENATE(CONCENTRADO!$B147,CONCENTRADO!$C147,CONCENTRADO!$D147,CONCENTRADO!$E147) -> GFL0120001 | B147: G | C147: FL | D147: 012 | E147: 0001 | F147: Filtro Perkins 130306360 | G147: Pz
A148: =CONCATENATE(CONCENTRADO!$B148,CONCENTRADO!$C148,CONCENTRADO!$D148,CONCENTRADO!$E148) -> GVV0130001 | B148: G | C148: VV | D148: 013 | E148: 0001 | F148: Valvula De Alivio Nv10-20A | G148: Pz
A149: =CONCATENATE(CONCENTRADO!$B149,CONCENTRADO!$C149,CONCENTRADO!$D149,CONCENTRADO!$E149) -> GVV0080002 | B149: G | C149: VV | D149: 008 | E149: 0002 | F149: Valvula Aguja Mini Niquelada 1/4" 10,000 Psi/ 200 F Ptfe | G149: Pz
A150: =CONCATENATE(CONCENTRADO!$B150,CONCENTRADO!$C150,CONCENTRADO!$D150,CONCENTRADO!$E150) -> GAF0060054 | B150: G | C150: AF | D150: 006 | E150: 0054 | F150: Gpt-Broca Zr Std "X" (0.3970") Cleveland | G150: Pz
A151: =CONCATENATE(CONCENTRADO!$B151,CONCENTRADO!$C151,CONCENTRADO!$D151,CONCENTRADO!$E151) -> GFL0120002 | B151: G | C151: FL | D151: 012 | E151: 0002 | F151: Filtro De Tamiz P169014 | G151: Pz
A152: =CONCATENATE(CONCENTRADO!$B152,CONCENTRADO!$C152,CONCENTRADO!$D152,CONCENTRADO!$E152) -> GAF0060055 | B152: G | C152: AF | D152: 006 | E152: 0055 | F152: Gpt-Broca Zr Std "Z" (0.4130") Cleveland | G152: Pz
A153: =CONCATENATE(CONCENTRADO!$B153,CONCENTRADO!$C153,CONCENTRADO!$D153,CONCENTRADO!$E153) -> GCN0070090 | B153: G | C153: CN | D153: 007 | E153: 0090 | F153: Catarina 41 Paso 35 | G153: Pz
A154: =CONCATENATE(CONCENTRADO!$B154,CONCENTRADO!$C154,CONCENTRADO!$D154,CONCENTRADO!$E154) -> GAF0060056 | B154: G | C154: AF | D154: 006 | E154: 0056 | F154: Gpt-Broca Zr Std "Y" (0.4040") Cleveland | G154: Pz
A155: =CONCATENATE(CONCENTRADO!$B155,CONCENTRADO!$C155,CONCENTRADO!$D155,CONCENTRADO!$E155) -> GAF0060057 | B155: G | C155: AF | D155: 006 | E155: 0057 | F155: Broca Zr Std 1/2" (0.5000") Cleveland | G155: Pz
A156: =CONCATENATE(CONCENTRADO!$B156,CONCENTRADO!$C156,CONCENTRADO!$D156,CONCENTRADO!$E156) -> GAF0060058 | B156: G | C156: AF | D156: 006 | E156: 0058 | F156: Broca Zr Std 1/4"-E (0.2500") Cleveland | G156: Pz
A157: =CONCATENATE(CONCENTRADO!$B157,CONCENTRADO!$C157,CONCENTRADO!$D157,CONCENTRADO!$E157) -> GAF0060059 | B157: G | C157: AF | D157: 006 | E157: 0059 | F157: Broca Zr Std 13/32" (0.4062") Cleveland | G157: Pz
A158: =CONCATENATE(CONCENTRADO!$B158,CONCENTRADO!$C158,CONCENTRADO!$D158,CONCENTRADO!$E158) -> GAF0060060 | B158: G | C158: AF | D158: 006 | E158: 0060 | F158: Broca Zr Std 17/64" (0.2656") Cleveland | G158: Pz
... A222: =CONCATENATE(CONCENTRADO!$B222,CONCENTRADO!$C222,CONCENTRADO!$D222,CONCENTRADO!$E222) -> GLM0090003 | B222: G | C222: LM | D222: 009 | E222: 0003 | F222: Repuestos Mini Rodillo Nylon 4" | G222: Pz
A223: =CONCATENATE(CONCENTRADO!$B244,CONCENTRADO!$C244,CONCENTRADO!$D244,CONCENTRADO!$E244) -> GAF0050087 | B223: G | C223: AF | D223: 005 | E223: 0086 | F223: Cortador (Gpt-Cs-10-01) | G223: Pz
A224: =CONCATENATE(CONCENTRADO!$B224,CONCENTRADO!$C224,CONCENTRADO!$D224,CONCENTRADO!$E224) -> GSL0020016 | B224: G | C224: SL | D224: 002 | E224: 0016 | F224: Carda Circular De Alam. Trenzado A.C 7"-Cara Delgada Austromex | G224: Pz
A225: =CONCATENATE(CONCENTRADO!$B225,CONCENTRADO!$C225,CONCENTRADO!$D225,CONCENTRADO!$E225) -> GSL0020017 | B225: G | C225: SL | D225: 002 | E225: 0017 | F225: Cepillo De Alambre De Acero Inox Mango De 10" Clave 2881 | G225: Pz
A226: =CONCATENATE(CONCENTRADO!$B226,CONCENTRADO!$C226,CONCENTRADO!$D226,CONCENTRADO!$E226) -> GSL0050018 | B226: G | C226: SL | D226: 005 | E226: 0018 | F226: Rueda Flap Rebabeo 150X75X25,4Mm Clave 789 | G226: Pz
A227: =CONCATENATE(CONCENTRADO!$B227,CONCENTRADO!$C227,CONCENTRADO!$D227,CONCENTRADO!$E227) -> GLM0100005 | B227: G | C227: LM | D227: 010 | E227: 0005 | F227: Lija De Agua Carburo De Silico C-99 °80 | G227: Pz
A228: =CONCATENATE(CONCENTRADO!$B228,CONCENTRADO!$C228,CONCENTRADO!$D228,CONCENTRADO!$E228) -> GLM0100006 | B228: G | C228: LM | D228: 010 | E228: 0006 | F228: Lija Oxalum Roja Grano #60 | G228: Pz
A229: =CONCATENATE(CONCENTRADO!$B229,CONCENTRADO!$C229,CONCENTRADO!$D229,CONCENTRADO!$E229) -> GLM0090007 | B229: G | C229: LM | D229: 009 | E229: 0007 | F229: Rodillo De Fibra Con Rosca 110X100X15,9Mm-11 | G229: Pz
A230: =CONCATENATE(CONCENTRADO!$B230,CONCENTRADO!$C230,CONCENTRADO!$D230,CONCENTRADO!$E230) -> GLM0090008 | B230: G | C230: LM | D230: 009 | E230: 0008 | F230: Rodillo De Goma Caucho Con Agarradera 15 Cm (6") | G230: Pz
A231: =CONCATENATE(CONCENTRADO!$B231,CONCENTRADO!$C231,CONCENTRADO!$D231,CONCENTRADO!$E231) -> GLM0090009 | B231: G | C231: LM | D231: 009 | E231: 0009 | F231: Rodillo De Goma Caucho Con Agarradera 20 Cm (8") | G231: Pz
A232: =CONCATENATE(CONCENTRADO!$B232,CONCENTRADO!$C232,CONCENTRADO!$D232,CONCENTRADO!$E232) -> GLM0080010 | B232: G | C232: LM | D232: 008 | E232: 0010 | F232: Brocha Azul De 4" | G232: Pz
A233: =CONCATENATE(CONCENTRADO!$B233,CONCENTRADO!$C233,CONCENTRADO!$D233,CONCENTRADO!$E233) -> GFL0120005 | B233: G | C233: FL | D233: 012 | E233: 0005 | F233: Filtro 557207 | G233: Pz
A234: =CONCATENATE(CONCENTRADO!$B234,CONCENTRADO!$C234,CONCENTRADO!$D234,CONCENTRADO!$E234) -> GVV0010004 | B234: G | C234: VV | D234: 001 | E234: 0004 | F234: Valvula Bola (6046-Yv 2") | G234: Pz
A235: =CONCATENATE(CONCENTRADO!$B235,CONCENTRADO!$C235,CONCENTRADO!$D235,CONCENTRADO!$E235) -> GVV0010005 | B235: G | C235: VV | D235: 001 | E235: 0005 | F235: Valvula Bola (Lot & K0549-7 2") | G235: Pz
A236: =CONCATENATE(CONCENTRADO!$B146,CONCENTRADO!$C146,CONCENTRADO!$D146,CONCENTRADO!$E146) -> GHR0080001 | B236: G | C236: HR | D236: 020 | E236: 0002 | F236: Arresto Flama Para Soplete Mca Victor Mpdelo Fbt-1 | G236: Pz
A237: =CONCATENATE(CONCENTRADO!$B237,CONCENTRADO!$C237,CONCENTRADO!$D237,CONCENTRADO!$E237) -> GFL0120006 | B237: G | C237: FL | D237: 012 | E237: 0006 | F237: Filtro Ed2175-283-S Kohler | G237: Pz
A238: =CONCATENATE(CONCENTRADO!$B238,CONCENTRADO!$C238,CONCENTRADO!$D238,CONCENTRADO!$E238) -> GFL0120024 | B238: G | C238: FL | D238: 012 | E238: 0024 | F238: Filtro Ed2175-288-S Kohler | G238: Pz
A239: =CONCATENATE(CONCENTRADO!$B239,CONCENTRADO!$C239,CONCENTRADO!$D239,CONCENTRADO!$E239) -> GFL0120007 | B239: G | C239: FL | D239: 012 | E239: 0007 | F239: Filtro De Aire De Papel Kohler Ldw1003 | G239: Pz
A240: =CONCATENATE(CONCENTRADO!$B240,CONCENTRADO!$C240,CONCENTRADO!$D240,CONCENTRADO!$E240) -> GFL0120008 | B240: G | C240: FL | D240: 012 | E240: 0008 | F240: Filtro De Combustible 4326658 | G240: Pz
A241: =CONCATENATE(CONCENTRADO!$B241,CONCENTRADO!$C241,CONCENTRADO!$D241,CONCENTRADO!$E241) -> GFL0120009 | B241: G | C241: FL | D241: 012 | E241: 0009 | F241: Filtro De Aceite Mod Hp Kd Gn Gp Ej Gj 140517050-I | G241: Pz
A242: =CONCATENATE(CONCENTRADO!$B242,CONCENTRADO!$C242,CONCENTRADO!$D242,CONCENTRADO!$E242) -> GFL0120010 | B242: G | C242: FL | D242: 012 | E242: 0010 | F242: Filtro Hidraulico P562242 | G242: Pz
A243: =CONCATENATE(CONCENTRADO!$B243,CONCENTRADO!$C243,CONCENTRADO!$D243,CONCENTRADO!$E243) -> GFL0120011 | B243: G | C243: FL | D243: 012 | E243: 0011 | F243: Filtro De Combustible Cav 296 46401296 Ff167 | G243: Pz
A244: =CONCATENATE(CONCENTRADO!$B245,CONCENTRADO!$C245,CONCENTRADO!$D245,CONCENTRADO!$E245) -> GAF0050088 | B244: G | C244: AF | D244: 005 | E244: 0087 | F244: Cortador (Gpt-Cht-10-02) | G244: Pz
A245: =CONCATENATE(CONCENTRADO!$B246,CONCENTRADO!$C246,CONCENTRADO!$D246,CONCENTRADO!$E246) -> GAF0050089 | B245: G | C245: AF | D245: 005 | E245: 0088 | F245: Cortador (Gpt-St-10-04-12) | G245: Pz
A246: =CONCATENATE(CONCENTRADO!$B247,CONCENTRADO!$C247,CONCENTRADO!$D247,CONCENTRADO!$E247) -> GAF0050090 | B246: G | C246: AF | D246: 005 | E246: 0089 | F246: Cortador (Gpt-Ct10-D103) | G246: Pz
A247: =CONCATENATE(CONCENTRADO!$B248,CONCENTRADO!$C248,CONCENTRADO!$D248,CONCENTRADO!$E248) -> GAF0050091 | B247: G | C247: AF | D247: 005 | E247: 0090 | F247: Cortador (Gpt-Ct10-D104) | G247: Pz
A248: =CONCATENATE(CONCENTRADO!$B249,CONCENTRADO!$C249,CONCENTRADO!$D249,CONCENTRADO!$E249) -> GAF0050092 | B248: G | C248: AF | D248: 005 | E248: 0091 | F248: Cortador (Gpt-St10-D101) | G248: Pz
A249: =CONCATENATE(CONCENTRADO!$B250,CONCENTRADO!$C250,CONCENTRADO!$D250,CONCENTRADO!$E250) -> GAF0050093 | B249: G | C249: AF | D249: 005 | E249: 0092 | F249: Cortador (Gpt-Std-10-12-01) | G249: Pz
A250: =CONCATENATE(CONCENTRADO!$B251,CONCENTRADO!$C251,CONCENTRADO!$D251,CONCENTRADO!$E251) -> GAF0050094 | B250: G | C250: AF | D250: 005 | E250: 0093 | F250: Cortador (Gpt-Sc-10-5-1) | G250: Pz
A251: =CONCATENATE(CONCENTRADO!$B252,CONCENTRADO!$C252,CONCENTRADO!$D252,CONCENTRADO!$E252) -> GAF0050095 | B251: G | C251: AF | D251: 005 | E251: 0094 | F251: Cortador (Gpt-Cpl-10-Std-001) | G251: Pz
A252: =CONCATENATE(CONCENTRADO!$B253,CONCENTRADO!$C253,CONCENTRADO!$D253,CONCENTRADO!$E253) -> GAF0050096 | B252: G | C252: AF | D252: 005 | E252: 0095 | F252: Cortador (Gpt-Cpl-10-Std-002) | G252: Pz
A253: =CONCATENATE(CONCENTRADO!$B266,CONCENTRADO!$C266,CONCENTRADO!$D266,CONCENTRADO!$E266) -> GAF0050097 | B253: G | C253: AF | D253: 005 | E253: 0096 | F253: Cortador (Gpt-Cpl-10-Std-003) | G253: Pz
A254: =CONCATENATE(CONCENTRADO!$B254,CONCENTRADO!$C254,CONCENTRADO!$D254,CONCENTRADO!$E254) -> GCN0160106 | B254: G | C254: CN | D254: 016 | E254: 0106 | F254: Cinta Teflon Garlock Plasti-Tread Largo 13.20 Mts X 1/2" Ancho | G254: Pz
A255: =CONCATENATE(CONCENTRADO!$B255,CONCENTRADO!$C255,CONCENTRADO!$D255,CONCENTRADO!$E255) -> GCN0170107 | B255: G | C255: CN | D255: 017 | E255: 0107 | F255: Loctite 567 Sella Tuberias Con Ptfe | G255: Pz
A256: =CONCATENATE(CONCENTRADO!$B256,CONCENTRADO!$C256,CONCENTRADO!$D256,CONCENTRADO!$E256) -> GCN0170108 | B256: G | C256: CN | D256: 017 | E256: 0108 | F256: Adhesivio Instantaneo Locttite 495 | G256: Pz
A257: =CONCATENATE(CONCENTRADO!$B257,CONCENTRADO!$C257,CONCENTRADO!$D257,CONCENTRADO!$E257) -> GCN0170109 | B257: G | C257: CN | D257: 017 | E257: 0109 | F257: Loctite 771 Antiferrante Plata | G257: Pz
A258: =CONCATENATE(CONCENTRADO!$B258,CONCENTRADO!$C258,CONCENTRADO!$D258,CONCENTRADO!$E258) -> GCN0170110 | B258: G | C258: CN | D258: 017 | E258: 0110 | F258: Loctite 263 Fijador De Roscas Rojo. | G258: Pz
A259: =CONCATENATE(CONCENTRADO!$B259,CONCENTRADO!$C259,CONCENTRADO!$D259,CONCENTRADO!$E259) -> GCN0170111 | B259: G | C259: CN | D259: 017 | E259: 0111 | F259: Silicon Sellador Para Juntas Super Grey 7-G. | G259: Pz
A260: =CONCATENATE(CONCENTRADO!$B260,CONCENTRADO!$C260,CONCENTRADO!$D260,CONCENTRADO!$E260) -> GCN0040112 | B260: G | C260: CN | D260: 004 | E260: 0112 | F260: Junta Garlock 24" 600 | G260: Pz
A261: =CONCATENATE(CONCENTRADO!$B261,CONCENTRADO!$C261,CONCENTRADO!$D261,CONCENTRADO!$E261) -> GCN0040113 | B261: G | C261: CN | D261: 004 | E261: 0113 | F261: Junta Garlock 22" 600 | G261: Pz
A262: =CONCATENATE(CONCENTRADO!$B262,CONCENTRADO!$C262,CONCENTRADO!$D262,CONCENTRADO!$E262) -> GCN0040114 | B262: G | C262: CN | D262: 004 | E262: 0114 | F262: Junta Garlock 22" 300 | G262: Pz
A263: =CONCATENATE(CONCENTRADO!$B263,CONCENTRADO!$C263,CONCENTRADO!$D263,CONCENTRADO!$E263) -> GCN0040115 | B263: G | C263: CN | D263: 004 | E263: 0115 | F263: Junta Garlock 20" 600 | G263: Pz
A264: =CONCATENATE(CONCENTRADO!$B264,CONCENTRADO!$C264,CONCENTRADO!$D264,CONCENTRADO!$E264) -> GCN0040116 | B264: G | C264: CN | D264: 004 | E264: 0116 | F264: Junta Garlock 20" 150 | G264: Pz
A265: =CONCATENATE(CONCENTRADO!$B265,CONCENTRADO!$C265,CONCENTRADO!$D265,CONCENTRADO!$E265) -> GCN0040117 | B265: G | C265: CN | D265: 004 | E265: 0117 | F265: Junta Garlock 18" 150 | G265: Pz
A266: =CONCATENATE(CONCENTRADO!$B267,CONCENTRADO!$C267,CONCENTRADO!$D267,CONCENTRADO!$E267) -> GAF0050098 | B266: G | C266: AF | D266: 005 | E266: 0097 | F266: Cortador (Gpt-Cpl-10-Std-00-4) | G266: Pz
A267: =CONCATENATE(CONCENTRADO!$B268,CONCENTRADO!$C268,CONCENTRADO!$D268,CONCENTRADO!$E268) -> GAF0050099 | B267: G | C267: AF | D267: 005 | E267: 0098 | F267: Cortador (Gpt-Cts-10-12D-01) | G267: Pz
A268: =CONCATENATE(CONCENTRADO!$B269,CONCENTRADO!$C269,CONCENTRADO!$D269,CONCENTRADO!$E269) -> GAF0050100 | B268: G | C268: AF | D268: 005 | E268: 0099 | F268: Cortador (Gpt-Clt-10-01) | G268: Pz
A269: =CONCATENATE(CONCENTRADO!$B270,CONCENTRADO!$C270,CONCENTRADO!$D270,CONCENTRADO!$E270) -> GAF0050101 | B269: G | C269: AF | D269: 005 | E269: 0100 | F269: Cortador (Gpt-Clt-10-02) | G269: Pz
A270: =CONCATENATE(CONCENTRADO!$B271,CONCENTRADO!$C271,CONCENTRADO!$D271,CONCENTRADO!$E271) -> GAF0050102 | B270: G | C270: AF | D270: 005 | E270: 0101 | F270: Cortador (Gpt-Cpl-12-Std-001) | G270: Pz
A271: =CONCATENATE(CONCENTRADO!$B272,CONCENTRADO!$C272,CONCENTRADO!$D272,CONCENTRADO!$E272) -> GAF0050103 | B271: G | C271: AF | D271: 005 | E271: 0102 | F271: Cortador (Gpt-Ct-12-D102) | G271: Pz
A272: =CONCATENATE(CONCENTRADO!$B273,CONCENTRADO!$C273,CONCENTRADO!$D273,CONCENTRADO!$E273) -> GAF0050104 | B272: G | C272: AF | D272: 005 | E272: 0103 | F272: Cortador (Gpt-Ct-12-D101) | G272: Pz
A273: =CONCATENATE(CONCENTRADO!$B274,CONCENTRADO!$C274,CONCENTRADO!$D274,CONCENTRADO!$E274) -> GAF0110105 | B273: G | C273: AF | D273: 005 | E273: 0104 | F273: Cortador (Gpt-St-12-02) | G273: Pz
A274: =CONCATENATE(CONCENTRADO!$B275,CONCENTRADO!$C275,CONCENTRADO!$D275,CONCENTRADO!$E275) -> GAF0110106 | B274: G | C274: AF | D274: 011 | E274: 0105 | F274: Cortador Dh500 5" 127Mm Starrett | G274: Pz
A275: =CONCATENATE(CONCENTRADO!$B276,CONCENTRADO!$C276,CONCENTRADO!$D276,CONCENTRADO!$E276) -> GAF0110107 | B275: G | C275: AF | D275: 011 | E275: 0106 | F275: Cortador Vh0378 3 7/8" 98Mm Starrett | G275: Pz
A276: =CONCATENATE(CONCENTRADO!$B277,CONCENTRADO!$C277,CONCENTRADO!$D277,CONCENTRADO!$E277) -> GAF0110108 | B276: G | C276: AF | D276: 011 | E276: 0107 | F276: Cortador Dch0200-G 2" 51Mm | G276: Pz
A277: =CONCATENATE(CONCENTRADO!$B278,CONCENTRADO!$C278,CONCENTRADO!$D278,CONCENTRADO!$E278) -> GAF0110109 | B277: G | C277: AF | D277: 011 | E277: 0108 | F277: Cortador Dch0312- 89Mm 3.1/2" Starrett | G277: Pz
... A283: =CONCATENATE(CONCENTRADO!$B284,CONCENTRADO!$C284,CONCENTRADO!$D284,CONCENTRADO!$E284) -> GAF0120115 | B283: G | C283: AF | D283: 012 | E283: 0114 | F283: Inserto 132T-0100 Diametró De 1" | G283: Pz
A284: =CONCATENATE(CONCENTRADO!$B287,CONCENTRADO!$C287,CONCENTRADO!$D287,CONCENTRADO!$E287) -> GAF0120116 | B284: G | C284: AF | D284: 012 | E284: 0115 | F284: Inserto 132T-0108 Diametró De 1.250" | G284: Pz
A285: =CONCATENATE(CONCENTRADO!$B285,CONCENTRADO!$C285,CONCENTRADO!$D285,CONCENTRADO!$E285) -> GTR0020001 | B285: G | C285: TR | D285: 002 | E285: 0001 | F285: Tornillo Allen 3/8 X 1" | G285: Pz
A286: =CONCATENATE(CONCENTRADO!$B286,CONCENTRADO!$C286,CONCENTRADO!$D286,CONCENTRADO!$E286) -> GPC0040002 | B286: G | C286: PC | D286: 004 | E286: 0002 | F286: Niple Tor De 2"Clase N/A N/A | G286: Pz
A287: =CONCATENATE(CONCENTRADO!$B288,CONCENTRADO!$C288,CONCENTRADO!$D288,CONCENTRADO!$E288) -> GAF0120117 | B287: G | C287: AF | D287: 012 | E287: 0116 | F287: Inserto 434T-0208 Diametro De 57.15Mm | G287: Pz
A288: =CONCATENATE(CONCENTRADO!$B289,CONCENTRADO!$C289,CONCENTRADO!$D289,CONCENTRADO!$E289) -> GAF0120118 | B288: G | C288: AF | D288: 012 | E288: 0117 | F288: Inserto 135T-0224 Diametró De 69.85Mm" | G288: Pz
A289: =CONCATENATE(CONCENTRADO!$B290,CONCENTRADO!$C290,CONCENTRADO!$D290,CONCENTRADO!$E290) -> GAF0120119 | B289: G | C289: AF | D289: 012 | E289: 0118 | F289: Inserto 153T-0124 Diametro 44.45Mm" | G289: Pz
A290: =CONCATENATE(CONCENTRADO!$B291,CONCENTRADO!$C291,CONCENTRADO!$D291,CONCENTRADO!$E291) -> GAF0120120 | B290: G | C290: AF | D290: 012 | E290: 0119 | F290: Inserto 453H-0116 38.10Mm" | G290: Pz
A291: =CONCATENATE(CONCENTRADO!$B292,CONCENTRADO!$C292,CONCENTRADO!$D292,CONCENTRADO!$E292) -> GAF0120121 | B291: G | C291: AF | D291: 012 | E291: 0120 | F291: Inserto 455H-0224 Diametro 69.85Mm" | G291: Pz
A292: =CONCATENATE(CONCENTRADO!$B293,CONCENTRADO!$C293,CONCENTRADO!$D293,CONCENTRADO!$E293) -> GAF0120122 | B292: G | C292: AF | D292: 012 | E292: 0121 | F292: Inserto 152A-0108-Ss 31.75Mm" | G292: Pz
A293: =CONCATENATE(CONCENTRADO!$B294,CONCENTRADO!$C294,CONCENTRADO!$D294,CONCENTRADO!$E294) -> GAF0120123 | B293: G | C293: AF | D293: 012 | E293: 0122 | F293: Inserto 152T-0100-Ss 25.40Mm" | G293: Pz
A294: =CONCATENATE(CONCENTRADO!$B295,CONCENTRADO!$C295,CONCENTRADO!$D295,CONCENTRADO!$E295) -> GAF0120124 | B294: G | C294: AF | D294: 012 | E294: 0123 | F294: Inserto 152T-0108-Ss 31.75Mm" | G294: Pz
A295: =CONCATENATE(CONCENTRADO!$B296,CONCENTRADO!$C296,CONCENTRADO!$D296,CONCENTRADO!$E296) -> GAF0050125 | B295: G | C295: AF | D295: 012 | E295: 0124 | F295: Inserto 433-0124 Diametró De 1.750" | G295: Pz
A296: =CONCATENATE(CONCENTRADO!$B297,CONCENTRADO!$C297,CONCENTRADO!$D297,CONCENTRADO!$E297) -> GAF0050126 | B296: G | C296: AF | D296: 005 | E296: 0125 | F296: Cortador (Gpt-Cesp-9-02) | G296: Pz
A297: =CONCATENATE(CONCENTRADO!$B298,CONCENTRADO!$C298,CONCENTRADO!$D298,CONCENTRADO!$E298) -> GAF0050127 | B297: G | C297: AF | D297: 005 | E297: 0126 | F297: Cortador (Gpt-Cst-8-05) | G297: Pz
A298: =CONCATENATE(CONCENTRADO!$B299,CONCENTRADO!$C299,CONCENTRADO!$D299,CONCENTRADO!$E299) -> GAF0050128 | B298: G | C298: AF | D298: 005 | E298: 0127 | F298: Cortador (Gpt-St-08-04) | G298: Pz
...
